{
  "judul": "Informasi pengembang",
  "penulis": [
    "kucing andromeda",
    10,
    3,
    2024
  ],
  "genre": "artikel",
  "url": "Informasi-pengembang",
  "img": null,
  "isi": [
    {
      "type": "paragraf",
      "value": "",
      "prop": null
    },
    {
      "type": "subtitle",
      "value": "Artikel ini hanyalha testing saja",
      "prop": null
    },
    {
      "type": "paragraf",
      "value": "",
      "prop": null
    },
    {
      "type": "paragraf",
      "value": "Ini adalah sebuah artikel untuk testing server",
      "prop": null
    },
    {
      "type": "paragraf",
      "value": "",
      "prop": null
    },
    {
      "type": "subtitle",
      "value": "Ucapan terimaksih dari kucing_andromeda",
      "prop": null
    },
    {
      "type": "paragraf",
      "value": "",
      "prop": null
    },
    {
      "type": "paragraf",
      "value": "Ana ucapkan terimakasih untuk yang telah mau testing nih web",
      "prop": null
    },
    {
      "type": "paragraf",
      "value": "",
      "prop": null
    }
  ]
}
