{
  "judul": "Training of Young Innovation Journalist",
  "penulis": ["Fauzan Prayoga I", "14", "10", "2023"],
  "genre": "artikel",
  "url": "Training-of-Young-Innovation-Journalist",
  "img": "Training-of-Young-Innovation-JournalistIMG.png",
  "isi": [
    {
      "type": "paragraf",
      "value": "Padang (1/10) - Jurnalistik merupakan sebuah ekstrakurikuler yang lumrah didapati di sekolah-sekolah, tak terkecuali di MAN Insan Cendekia Padang Pariaman. Jurnalistik dapat menjadi wadah dalam menampung bakat siswa/i nya dalam hal mengolah dan menyampaikan berita dengan benar. Namun dibalik fungsi tersebut, proses perjalanan ekstrakurikuler jurnalistik di MAN Insan Cendekia Padang Pariaman sendiri tentu masih memiliki banyak hal yang mesti dievaluasi agar lebih optimal kedepannya. Oleh karena itu, tim Jurnalistik MAN Insan Cendekia Padang Pariaman mengadakan sebuah pelatihan untuk menjadi jurnalis muda yang inovatif dengan langsung terjun ke lapangan."
    },
    {
      "type": "paragraf",
      "value": "Lokasi yang dipilih adalah Masjid Raya Sumatra Barat yang telah dikenal sebagai ikon Sumatra Barat. Tidak ingin menyia-nyiakan kesempatan layaknya jurnalis profesional, tim Jurnalistik MAN Insan Cendekia Padang Pariaman langsung menuju ke lokasi lalu memulai aksi untuk menghasilkan karya-karya. Ketua ekstrakurikuler Jurnalistik MAN Insan Cendekia Padang Pariaman, Fauzan Prayoga Ikhwal, mengungkapkan setidaknya ada 25 orang yang tergabung dalam pelatihan pengasahan soft-skill ini."
    },
    {
      "type": "paragraf",
      "value": "Pada kegiatan ini disertakan 25 orang, dimana terbagi ke dalam beberapa divisi seperti DKV, Sastra, Berita dan Podcast. Nah, divisi tersebut memiliki peran dan tugas masing-masing nantinya ketika berada di lapangan,` tukasnya. Pelatihan ini menurut Fauzan diharapkan mampu untuk menghasilkan jurnalis muda yang inovatif serta dipenuhi karya, terutama dalam lingkungan MAN Insan Cendekia Padang Pariaman."
    },
    {
      "type": "paragraf",
      "value": "\"Pelatihan ini kita harapkan mampu meningkatkan soft-skill teman-teman sekalian dalam teknik pengolahan berita dan penyampaiannya, baik itu pengolahan video, pengolahan naskah, dan lainnya,\" ujarnya. Tak lupa, sebagai ketua Fauzan juga menyematkan harapan kepada tim Jurnalistik MAN Insan Cendekia Padang Pariaman agar lebih optimal kedepannya, terlebih setelah diadakannya pelatihan ini."
    },
    {
      "type": "paragraf",
      "value": "\"Diharapkan juga teman-teman sekalian (anggota jurnalistik) mampu mengelola dan menyampaikan berita terkait keberlangsungan kegiatan seputar MAN Insan Cendekia Padang Pariaman seperti jurnalis pada umumnya, dan semoga dengan ini ekskul Jurnalistik lebih maju lagi kedepannya,\" tutupnya."
    }
  ]
}
